timestamp,text
2025-09-23 11:19:34,but it will be working on the amateur them
2025-09-23 11:19:36,is there were good to be
2025-09-23 11:19:39,live mcp to go google
2025-09-23 11:19:45,within i of avenue and get an economic a big a got an aunt them a big whoop
2025-09-23 11:19:51,in one side to the new on for thirty years
2025-09-23 11:19:52,things are
2025-09-23 11:20:06,oh it's not burglar did he do
2025-09-23 11:20:07,let's move on
2025-09-23 11:20:12,hello
2025-09-23 11:20:16,do you use it
